21074,2,INITIATED,1788435477098
21075,2,INITIATED,1788435477091
21076,2,INITIATED,1788435476972
21077,2,INITIATED,1788435477091
21078,2,INITIATED,1788435476995
21079,2,INITIATED,1788435477097
21080,2,INITIATED,1788435477097
21081,2,INITIATED,1788435477098
21082,2,INITIATED,1788435477091
21083,2,INITIATED,1788435477098
21084,2,INITIATED,1788435477091
21085,2,INITIATED,1788435477101
21086,2,INITIATED,1788435477090
21087,2,INITIATED,1788435477097
21088,2,INITIATED,1788435477166
21089,2,INITIATED,1788435476996
21090,2,INITIATED,1788435476226
21091,2,INITIATED,1788435476974
21092,2,INITIATED,1788435477227
21093,2,INITIATED,1788435476995
21094,2,INITIATED,1788435477097
21095,2,INITIATED,1788435477098
21096,2,INITIATED,1788435480937
21097,2,INITIATED,1788435479662
21098,2,INITIATED,1788435477205
21099,2,INITIATED,1788435477097
21100,2,INITIATED,1788435479810
21101,2,INITIATED,1788435479644
21102,2,INITIATED,1788435477170
21103,2,INITIATED,1788435480807
21104,2,INITIATED,1788435479633
21105,2,INITIATED,1788435477119
21106,2,INITIATED,1788435477097
21107,2,INITIATED,1788435480916
21108,2,INITIATED,1788435477167
21109,2,INITIATED,1788435479811
21110,2,INITIATED,1788435480932
21111,2,INITIATED,1788435479817
21112,2,INITIATED,1788435479631
21113,2,INITIATED,1788435479701
21114,2,INITIATED,1788435480845
21115,2,INITIATED,1788435480919
21116,2,INITIATED,1788435480930
21117,2,INITIATED,1788435480799
21118,2,INITIATED,1788435480866
21119,2,INITIATED,1788435479640
21120,2,INITIATED,1788435479851
21121,2,INITIATED,1788435480929
21122,2,INITIATED,1788435479873
21123,2,INITIATED,1788435477091
21124,2,INITIATED,1788435480930
21125,2,INITIATED,1788435479687
21126,2,INITIATED,1788435479892
21127,2,INITIATED,1788435480800
21128,2,INITIATED,1788435480823
21129,2,INITIATED,1788435479701
21130,2,INITIATED,1788435479899
21131,2,INITIATED,1788435480913
21132,2,INITIATED,1788435479741
21133,2,INITIATED,1788435479816
21134,2,INITIATED,1788435479686
21135,2,INITIATED,1788435480802
21136,2,INITIATED,1788435479871
21137,2,INITIATED,1788435480914
21138,2,INITIATED,1788435479853
21139,2,INITIATED,1788435480890
21140,2,INITIATED,1788435479925
21141,2,INITIATED,1788435480925
21142,2,INITIATED,1788435480842
21143,2,INITIATED,1788435477365
21144,2,INITIATED,1788435479681
21145,2,INITIATED,1788435479940
21146,2,INITIATED,1788435480938
21147,2,INITIATED,1788435479636
21148,2,INITIATED,1788435479648
21149,2,INITIATED,1788435479936
21150,2,INITIATED,1788435479662
21151,2,INITIATED,1788435480928
21152,2,INITIATED,1788435480919
21153,2,INITIATED,1788435479639
21294,2,INITIATED,1788435479636
21295,2,INITIATED,1788435479663
21296,2,INITIATED,1788435479750
21297,2,INITIATED,1788435479806
21298,2,INITIATED,1788435479801
21299,2,INITIATED,1788435479813
21300,2,INITIATED,1788435479700
21301,2,INITIATED,1788435479741
21302,2,INITIATED,1788435479764
21303,2,INITIATED,1788435479706
21304,2,INITIATED,1788435479795
21305,2,INITIATED,1788435479800
21306,2,INITIATED,1788435479799
21307,2,INITIATED,1788435479753
21308,2,INITIATED,1788435479789
21309,2,INITIATED,1788435479808
21310,2,INITIATED,1788435479797
21311,2,INITIATED,1788435479752
21312,2,INITIATED,1788435479807
21313,2,INITIATED,1788435479783
21314,2,INITIATED,1788435479778
21315,2,INITIATED,1788435479801
21316,2,INITIATED,1788435479802
21317,2,INITIATED,1788435479815
21318,2,INITIATED,1788435479797
21319,2,INITIATED,1788435480824
21320,2,INITIATED,1788435482112
21321,2,INITIATED,1788435482372
21321,4,VALIDATED,1788435482655
21321,6,PROCESSED,1788435482741
21322,2,INITIATED,1788435482393
21322,4,VALIDATED,1788435482648
21322,6,PROCESSED,1788435482746
21323,2,INITIATED,1788435482415
21323,4,VALIDATED,1788435482650
21323,6,PROCESSED,1788435482764
21324,2,INITIATED,1788435482439
21324,4,VALIDATED,1788435482645
21324,6,PROCESSED,1788435482734
21325,2,INITIATED,1788435482458
21325,4,VALIDATED,1788435482649
21325,6,PROCESSED,1788435482764
21326,2,INITIATED,1788435482478
21326,4,VALIDATED,1788435482654
21326,6,PROCESSED,1788435482764
21327,2,INITIATED,1788435482499
21327,4,VALIDATED,1788435482648
21327,6,PROCESSED,1788435482731
21328,2,INITIATED,1788435482522
21328,4,VALIDATED,1788435482647
21328,6,PROCESSED,1788435482741
21329,2,INITIATED,1788435482540
21329,4,VALIDATED,1788435482649
21329,6,PROCESSED,1788435482735
21330,2,INITIATED,1788435482564
21330,4,VALIDATED,1788435482646
21330,6,PROCESSED,1788435482730
21331,2,INITIATED,1788435482578
21331,4,VALIDATED,1788435482651
21331,6,PROCESSED,1788435482764
21332,2,INITIATED,1788435482602
21332,4,VALIDATED,1788435482647
21332,6,PROCESSED,1788435482747
21333,2,INITIATED,1788435482621
21333,4,VALIDATED,1788435482678
21333,6,PROCESSED,1788435482786
21334,2,INITIATED,1788435482640
21334,4,VALIDATED,1788435482699
21334,6,PROCESSED,1788435482779
21335,2,INITIATED,1788435482662
21335,4,VALIDATED,1788435482764
21335,6,PROCESSED,1788435482840
21336,2,INITIATED,1788435482695
21336,4,VALIDATED,1788435482775
21336,6,PROCESSED,1788435482854
21337,2,INITIATED,1788435482736
21337,4,VALIDATED,1788435482798
21337,6,PROCESSED,1788435483193
21338,2,INITIATED,1788435482763
21338,4,VALIDATED,1788435482819
21338,6,PROCESSED,1788435482886
21339,2,INITIATED,1788435482775
21339,4,VALIDATED,1788435482862
21339,6,PROCESSED,1788435483619
21340,2,INITIATED,1788435482777
21340,4,VALIDATED,1788435482843
21340,6,PROCESSED,1788435482911
21341,2,INITIATED,1788435482804
21341,4,VALIDATED,1788435483097
21341,6,REJECTED,1788435483518
21342,2,INITIATED,1788435482841
21342,4,VALIDATED,1788435482982
21342,6,REJECTED,1788435483718
21343,2,INITIATED,1788435482845
21343,4,VALIDATED,1788435483099
21343,6,REJECTED,1788435483576
21344,2,INITIATED,1788435482871
21344,4,VALIDATED,1788435482938
21344,6,PROCESSED,1788435483277
21345,2,INITIATED,1788435482886
21345,4,VALIDATED,1788435483154
21345,6,PROCESSED,1788435483329
21346,2,INITIATED,1788435482911
21346,4,VALIDATED,1788435483568
21347,2,INITIATED,1788435482927
21347,4,VALIDATED,1788435483148
21347,6,PROCESSED,1788435483737
21348,2,INITIATED,1788435482932
21348,4,VALIDATED,1788435483502
21349,2,INITIATED,1788435483100
21349,4,VALIDATED,1788435483600
21350,2,INITIATED,1788435483146
21350,4,VALIDATED,1788435483587
21351,2,INITIATED,1788435483140
21351,4,VALIDATED,1788435483781
21352,2,INITIATED,1788435483210
21353,2,INITIATED,1788435483149
21353,4,VALIDATED,1788435483606
21354,2,INITIATED,1788435483148
21354,4,VALIDATED,1788435483942
21355,2,INITIATED,1788435483149
21355,4,VALIDATED,1788435483820
21356,2,INITIATED,1788435483149
21357,2,INITIATED,1788435483205
21358,2,INITIATED,1788435483530
21359,2,INITIATED,1788435483367
21360,2,INITIATED,1788435483388
21361,2,INITIATED,1788435483669
21362,2,INITIATED,1788435483672
21363,2,INITIATED,1788435483718
21364,2,INITIATED,1788435483789
21365,2,INITIATED,1788435483818
21366,2,INITIATED,1788435485385
21366,4,VALIDATED,1788435485419
21366,6,PROCESSED,1788435485537
21367,2,INITIATED,1788435485404
21367,4,VALIDATED,1788435485442
21367,6,PROCESSED,1788435485479
21368,2,INITIATED,1788435485414
21368,4,VALIDATED,1788435485449
21368,6,PROCESSED,1788435485508
21369,2,INITIATED,1788435485436
21369,4,VALIDATED,1788435485474
21369,6,PROCESSED,1788435485530
21370,2,INITIATED,1788435485454
21370,4,VALIDATED,1788435485510
21370,6,PROCESSED,1788435485556
21371,2,INITIATED,1788435485473
21371,4,VALIDATED,1788435485564
21371,6,PROCESSED,1788435485607
21372,2,INITIATED,1788435485516
21372,4,VALIDATED,1788435485556
21372,6,PROCESSED,1788435485599
21373,2,INITIATED,1788435485558
21373,4,VALIDATED,1788435485596
21373,6,PROCESSED,1788435485647
21374,2,INITIATED,1788435485556
21374,4,VALIDATED,1788435485598
21374,6,PROCESSED,1788435485658
21375,2,INITIATED,1788435485564
21375,4,VALIDATED,1788435485600
21375,6,PROCESSED,1788435485656
21376,2,INITIATED,1788435485581
21376,4,VALIDATED,1788435485640
21376,6,PROCESSED,1788435485688
21377,2,INITIATED,1788435485596
21377,4,VALIDATED,1788435485641
21377,6,PROCESSED,1788435485695
21378,2,INITIATED,1788435485624
21378,4,VALIDATED,1788435485673
21378,6,PROCESSED,1788435485730
21379,2,INITIATED,1788435485647
21379,4,VALIDATED,1788435485692
21379,6,PROCESSED,1788435485747
21380,2,INITIATED,1788435485668
21380,4,VALIDATED,1788435485717
21380,6,PROCESSED,1788435485791
21381,2,INITIATED,1788435485692
21381,4,VALIDATED,1788435485749
21381,6,PROCESSED,1788435485804
21382,2,INITIATED,1788435485704
21382,4,VALIDATED,1788435485758
21382,6,PROCESSED,1788435485817
21383,2,INITIATED,1788435485728
21383,4,VALIDATED,1788435485776
21383,6,PROCESSED,1788435485851
21384,2,INITIATED,1788435485747
21384,4,VALIDATED,1788435485799
21384,6,PROCESSED,1788435485865
21385,2,INITIATED,1788435485773
21385,4,VALIDATED,1788435485822
21385,6,PROCESSED,1788435485885
21386,2,INITIATED,1788435485791
21386,4,VALIDATED,1788435485845
21386,6,PROCESSED,1788435485905
21387,2,INITIATED,1788435485815
21387,4,VALIDATED,1788435485866
21387,6,PROCESSED,1788435485928
21388,2,INITIATED,1788435485822
21388,4,VALIDATED,1788435485890
21388,6,PROCESSED,1788435485952
21389,2,INITIATED,1788435485858
21389,4,VALIDATED,1788435485914
21389,6,PROCESSED,1788435485984
21390,2,INITIATED,1788435485870
21390,4,VALIDATED,1788435485926
21390,6,PROCESSED,1788435485979
21391,2,INITIATED,1788435485912
21391,4,VALIDATED,1788435485971
21391,6,PROCESSED,1788435486032
21392,2,INITIATED,1788435485919
21392,4,VALIDATED,1788435485978
21392,6,PROCESSED,1788435486054
21393,2,INITIATED,1788435485935
21393,4,VALIDATED,1788435485994
21393,6,PROCESSED,1788435486061
21394,2,INITIATED,1788435485950
21394,4,VALIDATED,1788435486004
21394,6,PROCESSED,1788435486085
21395,2,INITIATED,1788435485973
21395,4,VALIDATED,1788435486039
21395,6,PROCESSED,1788435486106
21396,2,INITIATED,1788435485993
21396,4,VALIDATED,1788435486052
21396,6,PROCESSED,1788435486117
21397,2,INITIATED,1788435486024
21397,4,VALIDATED,1788435486084
21398,2,INITIATED,1788435486047
21398,4,VALIDATED,1788435486108
21399,2,INITIATED,1788435486062
21400,2,INITIATED,1788435486079
21401,2,INITIATED,1788435486103
21402,2,INITIATED,1788435486111
21403,2,INITIATED,1788435491304
21403,4,VALIDATED,1788435491334
21403,6,PROCESSED,1788435491373
21404,2,INITIATED,1788435491324
21404,4,VALIDATED,1788435491355
21404,6,PROCESSED,1788435491395
21405,2,INITIATED,1788435491347
21405,4,VALIDATED,1788435491383
21405,6,PROCESSED,1788435491422
21406,2,INITIATED,1788435491366
21406,4,VALIDATED,1788435491402
21406,6,PROCESSED,1788435491439
21407,2,INITIATED,1788435491388
21407,4,VALIDATED,1788435491424
21407,6,PROCESSED,1788435491460
21408,2,INITIATED,1788435491411
21408,4,VALIDATED,1788435491446
21408,6,PROCESSED,1788435491499
21409,2,INITIATED,1788435491430
21409,4,VALIDATED,1788435491466
21409,6,PROCESSED,1788435491507
21410,2,INITIATED,1788435491449
21410,4,VALIDATED,1788435491487
21410,6,PROCESSED,1788435491526
21411,2,INITIATED,1788435491471
21411,4,VALIDATED,1788435491510
21411,6,PROCESSED,1788435491553
21412,2,INITIATED,1788435491493
21412,4,VALIDATED,1788435491532
21412,6,PROCESSED,1788435491573
21413,2,INITIATED,1788435491515
21413,4,VALIDATED,1788435491551
21413,6,PROCESSED,1788435491595
21414,2,INITIATED,1788435491540
21414,4,VALIDATED,1788435491581
21414,6,PROCESSED,1788435491626
21415,2,INITIATED,1788435491551
21415,4,VALIDATED,1788435491606
21415,6,PROCESSED,1788435491653
21416,2,INITIATED,1788435491575
21416,4,VALIDATED,1788435491616
21416,6,PROCESSED,1788435491659
21417,2,INITIATED,1788435491592
21417,4,VALIDATED,1788435491634
21417,6,PROCESSED,1788435491679
21418,2,INITIATED,1788435491617
21418,4,VALIDATED,1788435491659
21418,6,PROCESSED,1788435491705
21419,2,INITIATED,1788435491635
21419,4,VALIDATED,1788435491679
21419,6,PROCESSED,1788435491729
21420,2,INITIATED,1788435491653
21420,4,VALIDATED,1788435491693
21420,6,PROCESSED,1788435491746
21421,2,INITIATED,1788435491674
21421,4,VALIDATED,1788435491716
21421,6,PROCESSED,1788435491761
21422,2,INITIATED,1788435491692
21422,4,VALIDATED,1788435491736
21422,6,PROCESSED,1788435491784
21423,2,INITIATED,1788435491716
21423,4,VALIDATED,1788435491759
21423,6,REJECTED,1788435491800
21424,2,INITIATED,1788435491743
21424,4,VALIDATED,1788435491785
21424,6,REJECTED,1788435491832
21425,2,INITIATED,1788435491764
21425,4,VALIDATED,1788435491810
21425,6,REJECTED,1788435491857
21426,2,INITIATED,1788435491779
21426,4,VALIDATED,1788435491819
21426,6,REJECTED,1788435491860
21427,2,INITIATED,1788435491796
21427,4,VALIDATED,1788435491854
21427,6,PROCESSED,1788435491902
21428,2,INITIATED,1788435491819
21428,4,VALIDATED,1788435491871
21428,6,PROCESSED,1788435491921
21429,2,INITIATED,1788435491843
21429,4,VALIDATED,1788435491889
21429,6,PROCESSED,1788435491935
21430,2,INITIATED,1788435491859
21430,4,VALIDATED,1788435491901
21430,6,PROCESSED,1788435491957
21431,2,INITIATED,1788435491874
21431,4,VALIDATED,1788435491920
21431,6,PROCESSED,1788435491969
21432,2,INITIATED,1788435491896
21432,4,VALIDATED,1788435491946
21432,6,PROCESSED,1788435492004
21433,2,INITIATED,1788435491921
21433,4,VALIDATED,1788435491985
21433,6,PROCESSED,1788435492054
21434,2,INITIATED,1788435491946
21434,4,VALIDATED,1788435492007
21434,6,PROCESSED,1788435492070
21435,2,INITIATED,1788435491966
21435,4,VALIDATED,1788435492014
21436,2,INITIATED,1788435491985
21436,4,VALIDATED,1788435492061
21437,2,INITIATED,1788435492008
21437,4,VALIDATED,1788435492064
21438,2,INITIATED,1788435492023
21439,2,INITIATED,1788435492090
21440,2,INITIATED,1788435492066
21441,2,INITIATED,1788435494287
21441,4,VALIDATED,1788435494321
21441,6,PROCESSED,1788435494359
21442,2,INITIATED,1788435494306
21442,4,VALIDATED,1788435494342
21442,6,PROCESSED,1788435494380
21443,2,INITIATED,1788435494327
21443,4,VALIDATED,1788435494360
21443,6,PROCESSED,1788435494409
21444,2,INITIATED,1788435494350
21444,4,VALIDATED,1788435494387
21444,6,PROCESSED,1788435494428
21445,2,INITIATED,1788435494390
21445,4,VALIDATED,1788435494426
21445,6,PROCESSED,1788435494471
21446,2,INITIATED,1788435494398
21446,4,VALIDATED,1788435494439
21446,6,PROCESSED,1788435494484
21447,2,INITIATED,1788435494413
21447,4,VALIDATED,1788435494451
21447,6,PROCESSED,1788435494501
21448,2,INITIATED,1788435494451
21448,4,VALIDATED,1788435494501
21448,6,PROCESSED,1788435494570
21449,2,INITIATED,1788435494460
21449,4,VALIDATED,1788435494514
21449,6,PROCESSED,1788435494564
21450,2,INITIATED,1788435494474
21450,4,VALIDATED,1788435494512
21450,6,PROCESSED,1788435494558
21451,2,INITIATED,1788435494498
21451,4,VALIDATED,1788435494551
21451,6,PROCESSED,1788435494608
21452,2,INITIATED,1788435494511
21452,4,VALIDATED,1788435494556
21452,6,PROCESSED,1788435494608
21453,2,INITIATED,1788435494543
21453,4,VALIDATED,1788435494589
21453,6,PROCESSED,1788435494652
21454,2,INITIATED,1788435494557
21454,4,VALIDATED,1788435494614
21454,6,PROCESSED,1788435494688
21455,2,INITIATED,1788435494593
21455,4,VALIDATED,1788435494661
21455,6,PROCESSED,1788435494721
21456,2,INITIATED,1788435494615
21456,4,VALIDATED,1788435494658
21456,6,PROCESSED,1788435494707
21457,2,INITIATED,1788435494621
21457,4,VALIDATED,1788435494668
21457,6,PROCESSED,1788435494760
21458,2,INITIATED,1788435494668
21458,4,VALIDATED,1788435494721
21458,6,PROCESSED,1788435494789
21459,2,INITIATED,1788435494673
21459,4,VALIDATED,1788435494741
21459,6,PROCESSED,1788435494806
21460,2,INITIATED,1788435494680
21460,4,VALIDATED,1788435494738
21460,6,PROCESSED,1788435494802
21461,2,INITIATED,1788435494710
21461,4,VALIDATED,1788435494779
21461,6,PROCESSED,1788435494842
21462,2,INITIATED,1788435494738
21462,4,VALIDATED,1788435494793
21462,6,PROCESSED,1788435494872
21463,2,INITIATED,1788435494756
21463,4,VALIDATED,1788435494818
21463,6,PROCESSED,1788435494891
21464,2,INITIATED,1788435494772
21464,4,VALIDATED,1788435494839
21464,6,PROCESSED,1788435494913
21465,2,INITIATED,1788435494789
21465,4,VALIDATED,1788435494838
21465,6,PROCESSED,1788435494903
21466,2,INITIATED,1788435494809
21466,4,VALIDATED,1788435494880
21466,6,PROCESSED,1788435494972
21467,2,INITIATED,1788435494833
21467,4,VALIDATED,1788435494894
21467,6,PROCESSED,1788435494962
21468,2,INITIATED,1788435494869
21468,4,VALIDATED,1788435494924
21468,6,PROCESSED,1788435495004
21469,2,INITIATED,1788435494868
21469,4,VALIDATED,1788435494928
21469,6,PROCESSED,1788435495023
21470,2,INITIATED,1788435494899
21470,4,VALIDATED,1788435494960
21470,6,PROCESSED,1788435495098
21471,2,INITIATED,1788435494915
21471,4,VALIDATED,1788435495000
21471,6,PROCESSED,1788435495096
21472,2,INITIATED,1788435494949
21472,4,VALIDATED,1788435495146
21473,2,INITIATED,1788435494950
21473,4,VALIDATED,1788435495000
21473,6,PROCESSED,1788435495130
21474,2,INITIATED,1788435495073
21475,2,INITIATED,1788435495196
21476,2,INITIATED,1788435495044
21477,2,INITIATED,1788435495090
21478,2,INITIATED,1788435495225
21479,2,INITIATED,1788435497283
21479,4,VALIDATED,1788435497313
21479,6,PROCESSED,1788435497348
21480,2,INITIATED,1788435497308
21480,4,VALIDATED,1788435497340
21480,6,PROCESSED,1788435497378
21481,2,INITIATED,1788435497326
21481,4,VALIDATED,1788435497359
21481,6,PROCESSED,1788435497405
21482,2,INITIATED,1788435497345
21482,4,VALIDATED,1788435497378
21482,6,PROCESSED,1788435497419
21483,2,INITIATED,1788435497370
21483,4,VALIDATED,1788435497409
21483,6,PROCESSED,1788435497526
21484,2,INITIATED,1788435497389
21484,4,VALIDATED,1788435497585
21484,6,PROCESSED,1788435497644
21485,2,INITIATED,1788435497411
21485,4,VALIDATED,1788435497584
21485,6,PROCESSED,1788435497785
21486,2,INITIATED,1788435497431
21486,4,VALIDATED,1788435497529
21486,6,PROCESSED,1788435497738
21487,2,INITIATED,1788435497547
21487,4,VALIDATED,1788435497583
21487,6,PROCESSED,1788435497694
21488,2,INITIATED,1788435497525
21488,4,VALIDATED,1788435497639
21488,6,PROCESSED,1788435497713
21489,2,INITIATED,1788435497529
21489,4,VALIDATED,1788435497584
21489,6,PROCESSED,1788435497643
21490,2,INITIATED,1788435497551
21490,4,VALIDATED,1788435497730
21490,6,PROCESSED,1788435497873
21491,2,INITIATED,1788435497551
21491,4,VALIDATED,1788435497652
21491,6,PROCESSED,1788435497701
21492,2,INITIATED,1788435497640
21492,4,VALIDATED,1788435497819
21492,6,PROCESSED,1788435497890
21493,2,INITIATED,1788435497647
21493,4,VALIDATED,1788435497699
21493,6,PROCESSED,1788435497793
21494,2,INITIATED,1788435497698
21494,4,VALIDATED,1788435497734
21494,6,PROCESSED,1788435497874
21495,2,INITIATED,1788435497698
21495,4,VALIDATED,1788435497734
21495,6,PROCESSED,1788435497852
21496,2,INITIATED,1788435497701
21496,4,VALIDATED,1788435497828
21496,6,PROCESSED,1788435497882
21497,2,INITIATED,1788435497709
21497,4,VALIDATED,1788435497823
21497,6,REJECTED,1788435497909
21498,2,INITIATED,1788435497727
21498,4,VALIDATED,1788435497853
21498,6,PROCESSED,1788435497909
21499,2,INITIATED,1788435497746
21499,4,VALIDATED,1788435497881
21499,6,REJECTED,1788435498003
21500,2,INITIATED,1788435497763
21500,4,VALIDATED,1788435497883
21500,6,REJECTED,1788435497944
21501,2,INITIATED,1788435497802
21501,4,VALIDATED,1788435497874
21501,6,PROCESSED,1788435497984
21502,2,INITIATED,1788435497838
21502,4,VALIDATED,1788435497900
21502,6,REJECTED,1788435497946
21503,2,INITIATED,1788435497867
21503,4,VALIDATED,1788435498035
21503,6,PROCESSED,1788435498226
21504,2,INITIATED,1788435497867
21504,4,VALIDATED,1788435497996
21504,6,PROCESSED,1788435498275
21505,2,INITIATED,1788435497878
21505,4,VALIDATED,1788435497945
21505,6,PROCESSED,1788435497999
21506,2,INITIATED,1788435497879
21506,4,VALIDATED,1788435498003
21506,6,PROCESSED,1788435498232
21507,2,INITIATED,1788435497885
21507,4,VALIDATED,1788435497971
21507,6,PROCESSED,1788435498029
21508,2,INITIATED,1788435497887
21508,4,VALIDATED,1788435497977
21508,6,PROCESSED,1788435498037
21509,2,INITIATED,1788435497965
21509,4,VALIDATED,1788435498494
21510,2,INITIATED,1788435497965
21510,4,VALIDATED,1788435498372
21511,2,INITIATED,1788435497975
21511,4,VALIDATED,1788435498028
21511,6,PROCESSED,1788435498386
21512,2,INITIATED,1788435498026
21512,4,VALIDATED,1788435498197
21513,2,INITIATED,1788435498034
21514,2,INITIATED,1788435498206
21515,2,INITIATED,1788435498288
21516,2,INITIATED,1788435498356
21517,2,INITIATED,1788435498469
21518,2,INITIATED,1788435500287
21518,4,VALIDATED,1788435500318
21518,6,PROCESSED,1788435500352
21519,2,INITIATED,1788435500304
21519,4,VALIDATED,1788435500338
21519,6,PROCESSED,1788435500374
21520,2,INITIATED,1788435500328
21520,4,VALIDATED,1788435500364
21520,6,PROCESSED,1788435500400
21521,2,INITIATED,1788435500348
21521,4,VALIDATED,1788435500382
21521,6,PROCESSED,1788435500415
21522,2,INITIATED,1788435500379
21522,4,VALIDATED,1788435500413
21522,6,PROCESSED,1788435500456
21523,2,INITIATED,1788435500390
21523,4,VALIDATED,1788435500427
21523,6,PROCESSED,1788435500468
21524,2,INITIATED,1788435500408
21524,4,VALIDATED,1788435500448
21524,6,PROCESSED,1788435500493
21525,2,INITIATED,1788435500432
21525,4,VALIDATED,1788435500469
21525,6,PROCESSED,1788435500518
21526,2,INITIATED,1788435500449
21526,4,VALIDATED,1788435500492
21526,6,PROCESSED,1788435500538
21527,2,INITIATED,1788435500471
21527,4,VALIDATED,1788435500515
21527,6,PROCESSED,1788435500557
21528,2,INITIATED,1788435500498
21528,4,VALIDATED,1788435500538
21528,6,PROCESSED,1788435500581
21529,2,INITIATED,1788435500523
21529,4,VALIDATED,1788435500563
21529,6,PROCESSED,1788435500612
21530,2,INITIATED,1788435500534
21530,4,VALIDATED,1788435500584
21530,6,PROCESSED,1788435500627
21531,2,INITIATED,1788435500552
21531,4,VALIDATED,1788435500596
21531,6,PROCESSED,1788435500641
21532,2,INITIATED,1788435500575
21532,4,VALIDATED,1788435500615
21532,6,PROCESSED,1788435500659
21533,2,INITIATED,1788435500592
21533,4,VALIDATED,1788435500635
21533,6,PROCESSED,1788435500681
21534,2,INITIATED,1788435500617
21534,4,VALIDATED,1788435500654
21534,6,PROCESSED,1788435500712
21535,2,INITIATED,1788435500642
21535,4,VALIDATED,1788435500686
21535,6,PROCESSED,1788435500730
21536,2,INITIATED,1788435500654
21536,4,VALIDATED,1788435500712
21536,6,PROCESSED,1788435500760
21537,2,INITIATED,1788435500678
21537,4,VALIDATED,1788435500726
21537,6,PROCESSED,1788435500773
21538,2,INITIATED,1788435500706
21538,4,VALIDATED,1788435500752
21538,6,PROCESSED,1788435500803
21539,2,INITIATED,1788435500717
21539,4,VALIDATED,1788435500760
21539,6,PROCESSED,1788435500805
21540,2,INITIATED,1788435500746
21540,4,VALIDATED,1788435500788
21540,6,PROCESSED,1788435500835
21541,2,INITIATED,1788435500756
21541,4,VALIDATED,1788435500797
21541,6,PROCESSED,1788435500860
21542,2,INITIATED,1788435500780
21542,4,VALIDATED,1788435500828
21542,6,PROCESSED,1788435500875
21543,2,INITIATED,1788435500797
21543,4,VALIDATED,1788435500847
21543,6,PROCESSED,1788435500898
21544,2,INITIATED,1788435500818
21544,4,VALIDATED,1788435500861
21544,6,PROCESSED,1788435500912
21545,2,INITIATED,1788435500840
21545,4,VALIDATED,1788435500889
21545,6,PROCESSED,1788435500938
21546,2,INITIATED,1788435500856
21546,4,VALIDATED,1788435500916
21546,6,PROCESSED,1788435500970
21547,2,INITIATED,1788435500875
21547,4,VALIDATED,1788435500924
21547,6,PROCESSED,1788435500987
21548,2,INITIATED,1788435500894
21548,4,VALIDATED,1788435500947
21548,6,PROCESSED,1788435501007
21549,2,INITIATED,1788435500927
21549,4,VALIDATED,1788435500969
21549,6,PROCESSED,1788435501042
21550,2,INITIATED,1788435500936
21550,4,VALIDATED,1788435500982
21550,6,PROCESSED,1788435501048
21551,2,INITIATED,1788435500965
21551,4,VALIDATED,1788435501024
21552,2,INITIATED,1788435500983
21553,2,INITIATED,1788435501001
21554,2,INITIATED,1788435501025
21555,2,INITIATED,1788435503266
21555,4,VALIDATED,1788435503295
21555,6,PROCESSED,1788435503331
21556,2,INITIATED,1788435503285
21556,4,VALIDATED,1788435503318
21556,6,PROCESSED,1788435503351
21557,2,INITIATED,1788435503307
21557,4,VALIDATED,1788435503339
21557,6,PROCESSED,1788435503376
21558,2,INITIATED,1788435503329
21558,4,VALIDATED,1788435503363
21558,6,PROCESSED,1788435503402
21559,2,INITIATED,1788435503347
21559,4,VALIDATED,1788435503381
21559,6,PROCESSED,1788435503425
21560,2,INITIATED,1788435503369
21560,4,VALIDATED,1788435503403
21560,6,PROCESSED,1788435503441
21561,2,INITIATED,1788435503389
21561,4,VALIDATED,1788435503425
21561,6,PROCESSED,1788435503462
21562,2,INITIATED,1788435503410
21562,4,VALIDATED,1788435503458
21562,6,PROCESSED,1788435503494
21563,2,INITIATED,1788435503433
21563,4,VALIDATED,1788435503466
21563,6,PROCESSED,1788435503501
21564,2,INITIATED,1788435503449
21564,4,VALIDATED,1788435503483
21564,6,PROCESSED,1788435503520
21565,2,INITIATED,1788435503468
21565,4,VALIDATED,1788435503500
21565,6,PROCESSED,1788435503539
21566,2,INITIATED,1788435503490
21566,4,VALIDATED,1788435503527
21566,6,PROCESSED,1788435503572
21567,2,INITIATED,1788435503509
21567,4,VALIDATED,1788435503550
21567,6,PROCESSED,1788435503586
21568,2,INITIATED,1788435503528
21568,4,VALIDATED,1788435503567
21568,6,PROCESSED,1788435503605
21569,2,INITIATED,1788435503548
21569,4,VALIDATED,1788435503592
21569,6,PROCESSED,1788435503633
21570,2,INITIATED,1788435503570
21570,4,VALIDATED,1788435503605
21570,6,PROCESSED,1788435503647
21571,2,INITIATED,1788435503592
21571,4,VALIDATED,1788435503637
21571,6,PROCESSED,1788435503680
21572,2,INITIATED,1788435503617
21572,4,VALIDATED,1788435503654
21572,6,PROCESSED,1788435503697
21573,2,INITIATED,1788435503631
21573,4,VALIDATED,1788435503669
21573,6,PROCESSED,1788435503713
21574,2,INITIATED,1788435503652
21574,4,VALIDATED,1788435503694
21574,6,PROCESSED,1788435503741
21575,2,INITIATED,1788435503683
21575,4,VALIDATED,1788435503724
21575,6,PROCESSED,1788435503768
21576,2,INITIATED,1788435503701
21576,4,VALIDATED,1788435503744
21576,6,PROCESSED,1788435503799
21577,2,INITIATED,1788435503715
21577,4,VALIDATED,1788435503760
21577,6,REJECTED,1788435503798
21578,2,INITIATED,1788435503735
21578,4,VALIDATED,1788435503780
21578,6,REJECTED,1788435503827
21579,2,INITIATED,1788435503755
21579,4,VALIDATED,1788435503799
21579,6,REJECTED,1788435503842
21580,2,INITIATED,1788435503778
21580,4,VALIDATED,1788435503829
21580,6,REJECTED,1788435503870
21581,2,INITIATED,1788435503805
21581,4,VALIDATED,1788435503848
21581,6,PROCESSED,1788435503894
21582,2,INITIATED,1788435503816
21582,4,VALIDATED,1788435503855
21582,6,PROCESSED,1788435503902
21583,2,INITIATED,1788435503844
21583,4,VALIDATED,1788435503883
21583,6,PROCESSED,1788435503926
21584,2,INITIATED,1788435503863
21584,4,VALIDATED,1788435503910
21584,6,PROCESSED,1788435503954
21585,2,INITIATED,1788435503876
21585,4,VALIDATED,1788435503918
21585,6,PROCESSED,1788435503957
21586,2,INITIATED,1788435503895
21586,4,VALIDATED,1788435503938
21586,6,PROCESSED,1788435503981
21587,2,INITIATED,1788435503917
21587,4,VALIDATED,1788435503954
21587,6,PROCESSED,1788435503998
21588,2,INITIATED,1788435503945
21588,4,VALIDATED,1788435503986
21589,2,INITIATED,1788435503951
21589,4,VALIDATED,1788435503989
21590,2,INITIATED,1788435503979
21591,2,INITIATED,1788435506270
21591,4,VALIDATED,1788435506305
21591,6,PROCESSED,1788435506345
21592,2,INITIATED,1788435506290
21592,4,VALIDATED,1788435506330
21592,6,PROCESSED,1788435506373
21593,2,INITIATED,1788435506310
21593,4,VALIDATED,1788435506345
21593,6,PROCESSED,1788435506392
21594,2,INITIATED,1788435506340
21594,4,VALIDATED,1788435506379
21594,6,PROCESSED,1788435506424
21595,2,INITIATED,1788435506355
21595,4,VALIDATED,1788435506404
21595,6,PROCESSED,1788435506450
21596,2,INITIATED,1788435506372
21596,4,VALIDATED,1788435506416
21596,6,PROCESSED,1788435506461
21597,2,INITIATED,1788435506398
21597,4,VALIDATED,1788435506441
21597,6,PROCESSED,1788435506487
21598,2,INITIATED,1788435506417
21598,4,VALIDATED,1788435506464
21598,6,PROCESSED,1788435506515
21599,2,INITIATED,1788435506434
21599,4,VALIDATED,1788435506483
21599,6,PROCESSED,1788435506535
21600,2,INITIATED,1788435506456
21600,4,VALIDATED,1788435506498
21600,6,PROCESSED,1788435506546
21601,2,INITIATED,1788435506483
21601,4,VALIDATED,1788435506530
21601,6,PROCESSED,1788435506575
21602,2,INITIATED,1788435506495
21602,4,VALIDATED,1788435506553
21602,6,PROCESSED,1788435506600
21603,2,INITIATED,1788435506520
21603,4,VALIDATED,1788435506566
21603,6,PROCESSED,1788435506693
21604,2,INITIATED,1788435506538
21604,4,VALIDATED,1788435506581
21604,6,PROCESSED,1788435506631
21605,2,INITIATED,1788435506560
21605,4,VALIDATED,1788435506654
21605,6,PROCESSED,1788435506760
21606,2,INITIATED,1788435506580
21606,4,VALIDATED,1788435506632
21606,6,PROCESSED,1788435506707
21607,2,INITIATED,1788435506598
21607,4,VALIDATED,1788435506736
21607,6,PROCESSED,1788435506847
21608,2,INITIATED,1788435506636
21608,4,VALIDATED,1788435506690
21608,6,PROCESSED,1788435506768
21609,2,INITIATED,1788435506684
21609,4,VALIDATED,1788435506746
21609,6,PROCESSED,1788435506808
21610,2,INITIATED,1788435506688
21610,4,VALIDATED,1788435506742
21610,6,PROCESSED,1788435506901
21611,2,INITIATED,1788435506714
21611,4,VALIDATED,1788435506803
21611,6,PROCESSED,1788435506855
21612,2,INITIATED,1788435506722
21612,4,VALIDATED,1788435506776
21612,6,PROCESSED,1788435507341
21613,2,INITIATED,1788435506722
21613,4,VALIDATED,1788435506780
21613,6,PROCESSED,1788435506853
21614,2,INITIATED,1788435506761
21614,4,VALIDATED,1788435506872
21614,6,PROCESSED,1788435507129
21615,2,INITIATED,1788435506802
21615,4,VALIDATED,1788435506899
21615,6,PROCESSED,1788435506960
21616,2,INITIATED,1788435506809
21616,4,VALIDATED,1788435506980
21617,2,INITIATED,1788435506817
21617,4,VALIDATED,1788435506858
21617,6,PROCESSED,1788435506925
21618,2,INITIATED,1788435506825
21618,4,VALIDATED,1788435507271
21618,6,PROCESSED,1788435507415
21619,2,INITIATED,1788435506892
21619,4,VALIDATED,1788435506935
21619,6,PROCESSED,1788435507357
21620,2,INITIATED,1788435506898
21620,4,VALIDATED,1788435507180
21620,6,PROCESSED,1788435507398
21621,2,INITIATED,1788435507215
21622,2,INITIATED,1788435506979
21622,4,VALIDATED,1788435507415
21623,2,INITIATED,1788435506980
21624,2,INITIATED,1788435507273
21624,4,VALIDATED,1788435507393
21625,2,INITIATED,1788435507272
21626,2,INITIATED,1788435507274
21627,2,INITIATED,1788435507311
21628,2,INITIATED,1788435507318
21628,4,VALIDATED,1788435507408
21629,2,INITIATED,1788435507383
21630,2,INITIATED,1788435507392
21631,2,INITIATED,1788435507406
21632,2,INITIATED,1788435509244
21632,4,VALIDATED,1788435509274
21632,6,PROCESSED,1788435509311
21633,2,INITIATED,1788435509265
21633,4,VALIDATED,1788435509303
21633,6,PROCESSED,1788435509347
21634,2,INITIATED,1788435509288
21634,4,VALIDATED,1788435509325
21634,6,PROCESSED,1788435509366
21635,2,INITIATED,1788435509308
21635,4,VALIDATED,1788435509347
21635,6,PROCESSED,1788435509391
21636,2,INITIATED,1788435509330
21636,4,VALIDATED,1788435509370
21636,6,PROCESSED,1788435509411
21637,2,INITIATED,1788435509359
21637,4,VALIDATED,1788435509398
21637,6,PROCESSED,1788435509438
21638,2,INITIATED,1788435509370
21638,4,VALIDATED,1788435509406
21638,6,PROCESSED,1788435509447
21639,2,INITIATED,1788435509397
21639,4,VALIDATED,1788435509437
21639,6,PROCESSED,1788435509479
21640,2,INITIATED,1788435509419
21640,4,VALIDATED,1788435509455
21640,6,PROCESSED,1788435509497
21641,2,INITIATED,1788435509437
21641,4,VALIDATED,1788435509475
21641,6,PROCESSED,1788435509530
21642,2,INITIATED,1788435509454
21642,4,VALIDATED,1788435509498
21642,6,PROCESSED,1788435509538
21643,2,INITIATED,1788435509476
21643,4,VALIDATED,1788435509518
21643,6,PROCESSED,1788435509566
21644,2,INITIATED,1788435509494
21644,4,VALIDATED,1788435509544
21644,6,PROCESSED,1788435509586
21645,2,INITIATED,1788435509515
21645,4,VALIDATED,1788435509556
21645,6,PROCESSED,1788435509607
21646,2,INITIATED,1788435509534
21646,4,VALIDATED,1788435509578
21646,6,PROCESSED,1788435509620
21647,2,INITIATED,1788435509561
21647,4,VALIDATED,1788435509601
21647,6,PROCESSED,1788435509646
21648,2,INITIATED,1788435509579
21648,4,VALIDATED,1788435509623
21648,6,PROCESSED,1788435509666
21649,2,INITIATED,1788435509602
21649,4,VALIDATED,1788435509647
21649,6,PROCESSED,1788435509689
21650,2,INITIATED,1788435509619
21650,4,VALIDATED,1788435509660
21650,6,PROCESSED,1788435509708
21651,2,INITIATED,1788435509636
21651,4,VALIDATED,1788435509675
21651,6,PROCESSED,1788435509727
21652,2,INITIATED,1788435509654
21652,4,VALIDATED,1788435509706
21652,6,PROCESSED,1788435509757
21653,2,INITIATED,1788435509674
21653,4,VALIDATED,1788435509716
21653,6,PROCESSED,1788435509764
21654,2,INITIATED,1788435509700
21654,4,VALIDATED,1788435509753
21654,6,PROCESSED,1788435509801
21655,2,INITIATED,1788435509716
21655,4,VALIDATED,1788435509763
21655,6,REJECTED,1788435509800
21656,2,INITIATED,1788435509742
21656,4,VALIDATED,1788435509787
21656,6,REJECTED,1788435509827
21657,2,INITIATED,1788435509760
21657,4,VALIDATED,1788435509801
21657,6,REJECTED,1788435509841
21658,2,INITIATED,1788435509781
21658,4,VALIDATED,1788435509820
21658,6,REJECTED,1788435509865
21659,2,INITIATED,1788435509800
21659,4,VALIDATED,1788435509844
21659,6,PROCESSED,1788435509899
21660,2,INITIATED,1788435509815
21660,4,VALIDATED,1788435509853
21660,6,PROCESSED,1788435509917
21661,2,INITIATED,1788435509835
21661,4,VALIDATED,1788435509885
21661,6,PROCESSED,1788435509935
21662,2,INITIATED,1788435509852
21662,4,VALIDATED,1788435509907
21663,2,INITIATED,1788435509881
21663,4,VALIDATED,1788435509928
21664,2,INITIATED,1788435509910
21665,2,INITIATED,1788435509918
21666,2,INITIATED,1788435509941
21667,2,INITIATED,1788435512251
21667,4,VALIDATED,1788435512285
21667,6,PROCESSED,1788435512325
21668,2,INITIATED,1788435512269
21668,4,VALIDATED,1788435512307
21668,6,PROCESSED,1788435512350
21669,2,INITIATED,1788435512288
21669,4,VALIDATED,1788435512328
21669,6,PROCESSED,1788435512381
21670,2,INITIATED,1788435512313
21670,4,VALIDATED,1788435512357
21670,6,PROCESSED,1788435512406
21671,2,INITIATED,1788435512332
21671,4,VALIDATED,1788435512377
21671,6,PROCESSED,1788435512425
21672,2,INITIATED,1788435512360
21672,4,VALIDATED,1788435512407
21672,6,PROCESSED,1788435512456
21673,2,INITIATED,1788435512379
21673,4,VALIDATED,1788435512424
21673,6,PROCESSED,1788435512471
21674,2,INITIATED,1788435512395
21674,4,VALIDATED,1788435512433
21674,6,PROCESSED,1788435512475
21675,2,INITIATED,1788435512425
21675,4,VALIDATED,1788435512464
21675,6,PROCESSED,1788435512508
21676,2,INITIATED,1788435512438
21676,4,VALIDATED,1788435512477
21676,6,PROCESSED,1788435512519
21677,2,INITIATED,1788435512451
21677,4,VALIDATED,1788435512494
21677,6,PROCESSED,1788435512539
21678,2,INITIATED,1788435512489
21678,4,VALIDATED,1788435512530
21678,6,PROCESSED,1788435512585
21679,2,INITIATED,1788435512491
21679,4,VALIDATED,1788435512534
21679,6,PROCESSED,1788435512687
21680,2,INITIATED,1788435512524
21680,4,VALIDATED,1788435512570
21680,6,PROCESSED,1788435512663
21681,2,INITIATED,1788435512539
21681,4,VALIDATED,1788435512622
21681,6,PROCESSED,1788435512693
21682,2,INITIATED,1788435512559
21682,4,VALIDATED,1788435512640
21682,6,PROCESSED,1788435512703
21683,2,INITIATED,1788435512582
21683,4,VALIDATED,1788435512653
21683,6,PROCESSED,1788435512736
21684,2,INITIATED,1788435512633
21684,4,VALIDATED,1788435512715
21684,6,PROCESSED,1788435512778
21685,2,INITIATED,1788435512656
21685,4,VALIDATED,1788435512728
21685,6,PROCESSED,1788435512817
21686,2,INITIATED,1788435512660
21686,4,VALIDATED,1788435512722
21686,6,PROCESSED,1788435512803
21687,2,INITIATED,1788435512682
21687,4,VALIDATED,1788435512732
21687,6,PROCESSED,1788435512850
21688,2,INITIATED,1788435512686
21688,4,VALIDATED,1788435512762
21688,6,PROCESSED,1788435512867
21689,2,INITIATED,1788435512726
21689,4,VALIDATED,1788435512788
21689,6,PROCESSED,1788435512878
21690,2,INITIATED,1788435512744
21690,4,VALIDATED,1788435512824
21690,6,PROCESSED,1788435512921
21691,2,INITIATED,1788435512764
21691,4,VALIDATED,1788435512820
21691,6,PROCESSED,1788435512916
21692,2,INITIATED,1788435512769
21692,4,VALIDATED,1788435512823
21692,6,PROCESSED,1788435512907
21693,2,INITIATED,1788435512794
21693,4,VALIDATED,1788435512875
21693,6,PROCESSED,1788435512961
21694,2,INITIATED,1788435512834
21694,4,VALIDATED,1788435512926
21694,6,PROCESSED,1788435513103
21695,2,INITIATED,1788435512842
21695,4,VALIDATED,1788435512929
21695,6,PROCESSED,1788435512986
21696,2,INITIATED,1788435512871
21696,4,VALIDATED,1788435512956
21696,6,PROCESSED,1788435513013
21697,2,INITIATED,1788435512896
21697,4,VALIDATED,1788435512955
21697,6,PROCESSED,1788435513026
21698,2,INITIATED,1788435512910
21698,4,VALIDATED,1788435513074
21699,2,INITIATED,1788435512923
21699,4,VALIDATED,1788435512970
21700,2,INITIATED,1788435512932
21700,4,VALIDATED,1788435512987
21701,2,INITIATED,1788435512955
21701,4,VALIDATED,1788435513011
21702,2,INITIATED,1788435512987
21703,2,INITIATED,1788435513014
21704,2,INITIATED,1788435513075
21705,2,INITIATED,1788435515223
21705,4,VALIDATED,1788435515255
21705,6,PROCESSED,1788435515298
21706,2,INITIATED,1788435515245
21706,4,VALIDATED,1788435515278
21706,6,PROCESSED,1788435515314
21707,2,INITIATED,1788435515268
21707,4,VALIDATED,1788435515300
21707,6,PROCESSED,1788435515339
21708,2,INITIATED,1788435515287
21708,4,VALIDATED,1788435515323
21708,6,PROCESSED,1788435515366
21709,2,INITIATED,1788435515308
21709,4,VALIDATED,1788435515352
21709,6,PROCESSED,1788435515548
21710,2,INITIATED,1788435515330
21710,4,VALIDATED,1788435515371
21710,6,PROCESSED,1788435515508
21711,2,INITIATED,1788435515354
21711,4,VALIDATED,1788435515395
21711,6,PROCESSED,1788435515455
21712,2,INITIATED,1788435515382
21712,4,VALIDATED,1788435515422
21712,6,PROCESSED,1788435515502
21713,2,INITIATED,1788435515408
21713,4,VALIDATED,1788435515458
21713,6,PROCESSED,1788435515617
21714,2,INITIATED,1788435515422
21714,4,VALIDATED,1788435515467
21714,6,PROCESSED,1788435515513
21715,2,INITIATED,1788435515459
21715,4,VALIDATED,1788435515550
21715,6,PROCESSED,1788435515608
21716,2,INITIATED,1788435515475
21716,4,VALIDATED,1788435515522
21716,6,PROCESSED,1788435515574
21717,2,INITIATED,1788435515500
21717,4,VALIDATED,1788435515567
21717,6,PROCESSED,1788435515618
21718,2,INITIATED,1788435515537
21718,4,VALIDATED,1788435515652
21718,6,PROCESSED,1788435515716
21719,2,INITIATED,1788435515546
21719,4,VALIDATED,1788435515603
21719,6,PROCESSED,1788435515705
21720,2,INITIATED,1788435515546
21720,4,VALIDATED,1788435515604
21720,6,PROCESSED,1788435515713
21721,2,INITIATED,1788435515559
21721,4,VALIDATED,1788435515619
21721,6,PROCESSED,1788435515768
21722,2,INITIATED,1788435515594
21722,4,VALIDATED,1788435515710
21722,6,PROCESSED,1788435515780
21723,2,INITIATED,1788435515686
21723,4,VALIDATED,1788435515742
21723,6,PROCESSED,1788435515806
21724,2,INITIATED,1788435515683
21724,4,VALIDATED,1788435515746
21724,6,PROCESSED,1788435515813
21725,2,INITIATED,1788435515698
21725,4,VALIDATED,1788435515772
21725,6,PROCESSED,1788435515836
21726,2,INITIATED,1788435515716
21726,4,VALIDATED,1788435515819
21726,6,PROCESSED,1788435515884
21727,2,INITIATED,1788435515729
21727,4,VALIDATED,1788435515803
21727,6,PROCESSED,1788435515872
21728,2,INITIATED,1788435515733
21728,4,VALIDATED,1788435515806
21728,6,REJECTED,1788435515878
21729,2,INITIATED,1788435515750
21729,4,VALIDATED,1788435515818
21729,6,REJECTED,1788435515889
21730,2,INITIATED,1788435515757
21730,4,VALIDATED,1788435515841
21730,6,PROCESSED,1788435515914
21731,2,INITIATED,1788435515780
21731,4,VALIDATED,1788435515847
21731,6,REJECTED,1788435515913
21732,2,INITIATED,1788435515806
21732,4,VALIDATED,1788435515874
21732,6,REJECTED,1788435515929
21733,2,INITIATED,1788435515830
21733,4,VALIDATED,1788435515896
21733,6,PROCESSED,1788435515955
21734,2,INITIATED,1788435515845
21734,4,VALIDATED,1788435515915
21734,6,PROCESSED,1788435515974
21735,2,INITIATED,1788435515862
21735,4,VALIDATED,1788435515927
21736,2,INITIATED,1788435515866
21736,4,VALIDATED,1788435515933
21737,2,INITIATED,1788435515890
21737,4,VALIDATED,1788435515948
21738,2,INITIATED,1788435515924
21738,4,VALIDATED,1788435515980
21739,2,INITIATED,1788435515936
21740,2,INITIATED,1788435515947
21741,2,INITIATED,1788435515978
21742,2,INITIATED,1788435518228
21742,4,VALIDATED,1788435518264
21742,6,PROCESSED,1788435518305
21743,2,INITIATED,1788435518249
21743,4,VALIDATED,1788435518292
21743,6,PROCESSED,1788435518333
21744,2,INITIATED,1788435518270
21744,4,VALIDATED,1788435518308
21744,6,PROCESSED,1788435518355
21745,2,INITIATED,1788435518292
21745,4,VALIDATED,1788435518331
21745,6,PROCESSED,1788435518382
21746,2,INITIATED,1788435518308
21746,4,VALIDATED,1788435518356
21746,6,PROCESSED,1788435518418
21747,2,INITIATED,1788435518331
21747,4,VALIDATED,1788435518380
21747,6,PROCESSED,1788435518437
21748,2,INITIATED,1788435518362
21748,4,VALIDATED,1788435518419
21748,6,PROCESSED,1788435518474
21749,2,INITIATED,1788435518384
21749,4,VALIDATED,1788435518433
21749,6,PROCESSED,1788435518489
21750,2,INITIATED,1788435518407
21750,4,VALIDATED,1788435518464
21750,6,PROCESSED,1788435518527
21751,2,INITIATED,1788435518427
21751,4,VALIDATED,1788435518481
21751,6,PROCESSED,1788435518549
21752,2,INITIATED,1788435518450
21752,4,VALIDATED,1788435518508
21752,6,PROCESSED,1788435518578
21753,2,INITIATED,1788435518480
21753,4,VALIDATED,1788435518549
21753,6,PROCESSED,1788435518616
21754,2,INITIATED,1788435518498
21754,4,VALIDATED,1788435518569
21754,6,PROCESSED,1788435518639
21755,2,INITIATED,1788435518523
21755,4,VALIDATED,1788435518585
21755,6,PROCESSED,1788435518655
21756,2,INITIATED,1788435518540
21756,4,VALIDATED,1788435518603
21756,6,PROCESSED,1788435518668
21757,2,INITIATED,1788435518557
21757,4,VALIDATED,1788435518623
21757,6,PROCESSED,1788435518687
21758,2,INITIATED,1788435518573
21758,4,VALIDATED,1788435518646
21758,6,PROCESSED,1788435518727
21759,2,INITIATED,1788435518594
21759,4,VALIDATED,1788435518665
21759,6,PROCESSED,1788435518733
21760,2,INITIATED,1788435518611
21760,4,VALIDATED,1788435518673
21760,6,PROCESSED,1788435518749
21761,2,INITIATED,1788435518637
21761,4,VALIDATED,1788435518708
21761,6,PROCESSED,1788435518787
21762,2,INITIATED,1788435518651
21762,4,VALIDATED,1788435518716
21762,6,PROCESSED,1788435518780
21763,2,INITIATED,1788435518672
21763,4,VALIDATED,1788435518744
21763,6,PROCESSED,1788435518806
21764,2,INITIATED,1788435518697
21764,4,VALIDATED,1788435518765
21764,6,PROCESSED,1788435518842
21765,2,INITIATED,1788435518706
21765,4,VALIDATED,1788435518788
21765,6,PROCESSED,1788435518858
21766,2,INITIATED,1788435518746
21766,4,VALIDATED,1788435518821
21766,6,PROCESSED,1788435518886
21767,2,INITIATED,1788435518765
21767,4,VALIDATED,1788435518840
21767,6,PROCESSED,1788435518916
21768,2,INITIATED,1788435518778
21768,4,VALIDATED,1788435518841
21768,6,PROCESSED,1788435518919
21769,2,INITIATED,1788435518803
21769,4,VALIDATED,1788435518871
21769,6,PROCESSED,1788435518961
21770,2,INITIATED,1788435518820
21770,4,VALIDATED,1788435518885
21770,6,PROCESSED,1788435519092
21771,2,INITIATED,1788435518835
21771,4,VALIDATED,1788435518902
21771,6,PROCESSED,1788435518987
21772,2,INITIATED,1788435518852
21772,4,VALIDATED,1788435518925
21772,6,PROCESSED,1788435519060
21773,2,INITIATED,1788435518885
21773,4,VALIDATED,1788435518954
21774,2,INITIATED,1788435518907
21774,4,VALIDATED,1788435519122
21775,2,INITIATED,1788435518937
21775,4,VALIDATED,1788435518999
21776,2,INITIATED,1788435518958
21777,2,INITIATED,1788435518967
21778,2,INITIATED,1788435519007
21779,2,INITIATED,1788435519097
21780,2,INITIATED,1788435519081
21781,2,INITIATED,1788435521225
21781,4,VALIDATED,1788435521261
21781,6,PROCESSED,1788435521298
21782,2,INITIATED,1788435521249
21782,4,VALIDATED,1788435521287
21782,6,PROCESSED,1788435521326
21783,2,INITIATED,1788435521271
21783,4,VALIDATED,1788435521345
21783,6,PROCESSED,1788435521393
21784,2,INITIATED,1788435521297
21784,4,VALIDATED,1788435521332
21784,6,PROCESSED,1788435521372
21785,2,INITIATED,1788435521309
21785,4,VALIDATED,1788435521344
21785,6,PROCESSED,1788435521398
21786,2,INITIATED,1788435521328
21786,4,VALIDATED,1788435521366
21786,6,PROCESSED,1788435521411
21787,2,INITIATED,1788435521349
21787,4,VALIDATED,1788435521406
21787,6,PROCESSED,1788435521454
21788,2,INITIATED,1788435521371
21788,4,VALIDATED,1788435521411
21788,6,PROCESSED,1788435521462
21789,2,INITIATED,1788435521395
21789,4,VALIDATED,1788435521444
21789,6,PROCESSED,1788435521499
21790,2,INITIATED,1788435521421
21790,4,VALIDATED,1788435521478
21790,6,PROCESSED,1788435521531
21791,2,INITIATED,1788435521439
21791,4,VALIDATED,1788435521499
21791,6,PROCESSED,1788435521559
21792,2,INITIATED,1788435521456
21792,4,VALIDATED,1788435521502
21792,6,PROCESSED,1788435521567
21793,2,INITIATED,1788435521481
21793,4,VALIDATED,1788435521530
21793,6,PROCESSED,1788435521580
21794,2,INITIATED,1788435521509
21794,4,VALIDATED,1788435521565
21794,6,PROCESSED,1788435521622
21795,2,INITIATED,1788435521523
21795,4,VALIDATED,1788435521573
21795,6,PROCESSED,1788435521637
21796,2,INITIATED,1788435521548
21796,4,VALIDATED,1788435521604
21796,6,PROCESSED,1788435521658
21797,2,INITIATED,1788435521585
21797,4,VALIDATED,1788435521633
21797,6,PROCESSED,1788435521692
21798,2,INITIATED,1788435521577
21798,4,VALIDATED,1788435521642
21798,6,PROCESSED,1788435521709
21799,2,INITIATED,1788435521641
21799,4,VALIDATED,1788435521694
21799,6,PROCESSED,1788435521748
21800,2,INITIATED,1788435521642
21800,4,VALIDATED,1788435521690
21800,6,PROCESSED,1788435521740
21801,2,INITIATED,1788435521648
21801,4,VALIDATED,1788435521698
21801,6,PROCESSED,1788435521760
21802,2,INITIATED,1788435521676
21802,4,VALIDATED,1788435521742
21802,6,PROCESSED,1788435521802
21803,2,INITIATED,1788435521687
21803,4,VALIDATED,1788435521743
21803,6,PROCESSED,1788435521798
21804,2,INITIATED,1788435521712
21804,4,VALIDATED,1788435521759
21804,6,PROCESSED,1788435521820
21805,2,INITIATED,1788435521720
21805,4,VALIDATED,1788435521773
21805,6,REJECTED,1788435521823
21806,2,INITIATED,1788435521762
21806,4,VALIDATED,1788435521810
21806,6,REJECTED,1788435521863
21807,2,INITIATED,1788435521767
21807,4,VALIDATED,1788435521810
21807,6,REJECTED,1788435521861
21808,2,INITIATED,1788435521784
21808,4,VALIDATED,1788435521835
21808,6,REJECTED,1788435521896
21809,2,INITIATED,1788435521803
21809,4,VALIDATED,1788435521864
21809,6,PROCESSED,1788435521914
21810,2,INITIATED,1788435521825
21810,4,VALIDATED,1788435521876
21810,6,PROCESSED,1788435521936
21811,2,INITIATED,1788435521846
21811,4,VALIDATED,1788435521890
21811,6,PROCESSED,1788435521957
21812,2,INITIATED,1788435521860
21812,4,VALIDATED,1788435521916
21812,6,PROCESSED,1788435521971
21813,2,INITIATED,1788435521885
21813,4,VALIDATED,1788435521939
21814,2,INITIATED,1788435521906
21814,4,VALIDATED,1788435521961
21815,2,INITIATED,1788435521918
21815,4,VALIDATED,1788435521978
21816,2,INITIATED,1788435521936
21817,2,INITIATED,1788435521971
