run_id,mode,profile,rep,fault,ground_truth_transitions,delivered_distinct,delivered_total,missing,phantom,malformed,loss_rate_ppm,loss_rate_upper_bound_95_ppm,duplicate_rate,ordering_violation_rate,latency_ms_p50,latency_ms_p95,latency_ms_p99,latency_ms_max,http_reqs,http_req_failed_rate,http_p95_ms,http_p99_ms,lifecycles,achieved_tps,redo_size_delta,redo_entries_delta,user_commits_delta,db_block_changes_delta,cpu_used_delta,log_file_sync_delta_us,redo_bytes_per_transition
CDC-C2N0OFF-r1-20260909095136,CDC,C2N0OFF,1,none,0,0,0,0,0,0,0.0,,0.0,0.0,,,,,,,,,,,5596,31,0,12,47,1165,
CDC-C2N0ON-r1-20260909095308,CDC,C2N0ON,1,none,0,0,0,0,0,0,0.0,,0.0,0.0,,,,,,,,,,,39020,128,23,256,91,36211,
CDC-C2N1OFF-r1-20260909095549,CDC,C2N1OFF,1,none,0,0,0,0,0,0,0.0,,0.0,0.0,,,,,,,,,,,37902092,33152,66,68445,79,6331,
CDC-C2N1ON-r1-20260909095715,CDC,C2N1ON,1,none,0,0,0,0,0,0,0.0,,0.0,0.0,,,,,,,,,,,40045884,35049,96,72267,165,210225,
CDC-C2N2OFF-r1-20260909095952,CDC,C2N2OFF,1,none,0,0,0,0,0,0,0.0,,0.0,0.0,,,,,,,,,,,92653112,95134,2456,191522,2458,1632,
CDC-C2N2ON-r1-20260909100123,CDC,C2N2ON,1,none,0,0,0,0,0,0,0.0,,0.0,0.0,,,,,,,,,,,75970344,66477,157,137109,238,39458,
CDC-C2N3OFF-r1-20260909100411,CDC,C2N3OFF,1,none,0,0,0,0,0,0,0.0,,0.0,0.0,,,,,,,,,,,145017436,126580,252,261315,89,2379,
CDC-C2N3ON-r1-20260909100530,CDC,C2N3ON,1,none,0,0,0,0,0,0,0.0,,0.0,0.0,,,,,,,,,,,151999840,132693,289,273918,503,43249,
CDC-C2N4OFF-r1-20260909100756,CDC,C2N4OFF,1,none,0,0,0,0,0,0,0.0,,0.0,0.0,,,,,,,,,,,310765000,271324,540,560075,180,29983,
CDC-C2N4ON-r1-20260909100919,CDC,C2N4ON,1,none,0,0,0,0,0,0,0.0,,0.0,0.0,,,,,,,,,,,317551700,276908,578,571932,1010,132359,
CDC-C2N0OFF-r2-20260909101148,CDC,C2N0OFF,2,none,0,0,0,0,0,0,0.0,,0.0,0.0,,,,,,,,,,,16812,53,1,45,63,2184,
CDC-C2N0ON-r2-20260909101314,CDC,C2N0ON,2,none,0,0,0,0,0,0,0.0,,0.0,0.0,,,,,,,,,,,1791212,4287,30,8523,305,29844,
CDC-C2N1OFF-r2-20260909101519,CDC,C2N1OFF,2,none,0,0,0,0,0,0,0.0,,0.0,0.0,,,,,,,,,,,36247452,31603,63,65275,32,13049,
CDC-C2N1ON-r2-20260909101641,CDC,C2N1ON,2,none,0,0,0,0,0,0,0.0,,0.0,0.0,,,,,,,,,,,36267316,31637,85,65346,91,31217,
CDC-C2N2OFF-r2-20260909101837,CDC,C2N2OFF,2,none,0,0,0,0,0,0,0.0,,0.0,0.0,,,,,,,,,,,73685876,64226,127,132607,53,1398,
CDC-C2N2ON-r2-20260909101959,CDC,C2N2ON,2,none,0,0,0,0,0,0,0.0,,0.0,0.0,,,,,,,,,,,72540204,63247,149,130624,141,47486,
CDC-C2N3OFF-r2-20260909102159,CDC,C2N3OFF,2,none,0,0,0,0,0,0,0.0,,0.0,0.0,,,,,,,,,,,148051328,129139,259,266734,110,33517,
CDC-C2N3ON-r2-20260909102321,CDC,C2N3ON,2,none,0,0,0,0,0,0,0.0,,0.0,0.0,,,,,,,,,,,151944112,132427,282,273540,260,241379,
CDC-C2N4OFF-r2-20260909102506,CDC,C2N4OFF,2,none,0,0,0,0,0,0,0.0,,0.0,0.0,,,,,,,,,,,289939400,252787,504,522179,167,33511,
CDC-C2N4ON-r2-20260909102627,CDC,C2N4ON,2,none,0,0,0,0,0,0,0.0,,0.0,0.0,,,,,,,,,,,303799504,264867,549,547047,374,113891,
CDC-C2N0OFF-r3-20260909102809,CDC,C2N0OFF,3,none,0,0,0,0,0,0,0.0,,0.0,0.0,,,,,,,,,,,24272,32,0,12,46,3993,
CDC-C2N0ON-r3-20260909102930,CDC,C2N0ON,3,none,0,0,0,0,0,0,0.0,,0.0,0.0,,,,,,,,,,,47296,119,23,177,202,30700,
CDC-C2N1OFF-r3-20260909103114,CDC,C2N1OFF,3,none,0,0,0,0,0,0,0.0,,0.0,0.0,,,,,,,,,,,36282844,31719,63,65391,29,2973,
CDC-C2N1ON-r3-20260909103235,CDC,C2N1ON,3,none,0,0,0,0,0,0,0.0,,0.0,0.0,,,,,,,,,,,36300616,31702,88,65442,232,30533,
CDC-C2N2OFF-r3-20260909103422,CDC,C2N2OFF,3,none,0,0,0,0,0,0,0.0,,0.0,0.0,,,,,,,,,,,72480448,63190,126,130523,42,2059,
CDC-C2N2ON-r3-20260909103543,CDC,C2N2ON,3,none,0,0,0,0,0,0,0.0,,0.0,0.0,,,,,,,,,,,78180924,67829,165,149292,456,193540,
CDC-C2N3OFF-r3-20260909103731,CDC,C2N3OFF,3,none,0,0,0,0,0,0,0.0,,0.0,0.0,,,,,,,,,,,151922052,132537,264,273618,66,2167,
CDC-C2N3ON-r3-20260909103854,CDC,C2N3ON,3,none,0,0,0,0,0,0,0.0,,0.0,0.0,,,,,,,,,,,151923836,132514,284,273642,274,38052,
CDC-C2N4OFF-r3-20260909104024,CDC,C2N4OFF,3,none,0,0,0,0,0,0,0.0,,0.0,0.0,,,,,,,,,,,269178760,234883,467,484965,101,31680,
CDC-C2N4ON-r3-20260909104146,CDC,C2N4ON,3,none,0,0,0,0,0,0,0.0,,0.0,0.0,,,,,,,,,,,279498916,243604,503,503249,360,186191,
CDC-C2NARROW-r1-20260909104316,CDC,C2NARROW,1,none,0,0,0,0,0,0,0.0,,0.0,0.0,,,,,,,,,,,420519428,267811,547,568664,543,283525,
CDC-C2WIDE-r1-20260909104446,CDC,C2WIDE,1,none,0,0,0,0,0,0,0.0,,0.0,0.0,,,,,,,,,,,296727760,189023,395,401359,620,4092191,
CDC-C2NARROW-r2-20260909104625,CDC,C2NARROW,2,none,0,0,0,0,0,0,0.0,,0.0,0.0,,,,,,,,,,,286824248,182635,380,387848,367,346949,
CDC-C2WIDE-r2-20260909104809,CDC,C2WIDE,2,none,0,0,0,0,0,0,0.0,,0.0,0.0,,,,,,,,,,,243004304,154738,317,328593,353,2382608,
CDC-C2NARROW-r3-20260909104955,CDC,C2NARROW,3,none,0,0,0,0,0,0,0.0,,0.0,0.0,,,,,,,,,,,187918372,119324,259,253217,599,6321225,
